page_type,url,job_title,weight
GoogleSearchResult,https://www.google.com/,Test,20
GoogleSearchResult,https://www.google.com/,Test,25
GoogleSearchResult,https://www.google.com/,Test,20
GoogleSearchResult,https://www.google.com/,Test,25
GoogleSearchResult,https://www.google.com/,Test,20
GoogleSearchResult,https://www.google.com/,Test,25
GoogleSearchResult,https://www.google.com/,Test,20
GoogleSearchResult,https://www.google.com/,Test,25
GoogleSearchResult,https://www.google.com/,Test,20
GoogleSearchResult,https://www.google.com/,Test,25
GoogleSearchResult,https://www.google.com/,Test,20
GoogleSearchResult,https://www.google.com/,Test,25
GoogleSearchResult,https://www.google.com/,Test,20
GoogleSearchResult,https://www.google.com/,Test,25
GoogleSearchResult,https://www.google.com/,Test,20
GoogleSearchResult,https://www.google.com/,Test,25
GoogleSearchResult,https://www.google.com/,Test,20
GoogleSearchResult,https://www.google.com/,Test,25
GoogleSearchResult,https://www.google.com/,Test,20
GoogleSearchResult,https://www.google.com/,Test,25
GoogleSearchResult,https://www.google.com/,Test,20
GoogleSearchResult,https://www.google.com/,Test,25
GoogleSearchResult,https://www.google.com/,Test,20
GoogleSearchResult,https://www.google.com/,Test,25
GoogleSearchResult,https://www.google.com/,Test,20
GoogleSearchResult,https://www.google.com/,Test,25
GoogleSearchResult,https://www.google.com/,Test,20
GoogleSearchResult,https://www.google.com/,Test,25
GoogleSearchResult,https://www.google.com/,Test,20
GoogleSearchResult,https://www.google.com/,Test,25
GoogleSearchResult,https://www.google.com/,Test,20
GoogleSearchResult,https://www.google.com/,Test,25
GoogleSearchResult,https://www.google.com/,Test,20
GoogleSearchResult,https://www.google.com/,Test,25
GoogleSearchResult,https://www.google.com/,Test,20
GoogleSearchResult,https://www.google.com/,Test,25
GoogleSearchResult,https://www.google.com/,Test,20
GoogleSearchResult,https://www.google.com/,Test,25
GoogleSearchResult,https://www.google.com/,Test,20
GoogleSearchResult,https://www.google.com/,Test,25
GoogleSearchResult,https://www.google.com/,Test,20
GoogleSearchResult,https://www.google.com/,Test,25
GoogleSearchResult,https://www.google.com/,Test,20
GoogleSearchResult,https://www.google.com/,Test,25
GoogleSearchResult,https://www.google.com/,Test,20
GoogleSearchResult,https://www.google.com/,Test,25
GoogleSearchResult,https://www.google.com/,Test,20
GoogleSearchResult,https://www.google.com/,Test,25
GoogleSearchResult,https://www.google.com/,Test,20
GoogleSearchResult,https://www.google.com/,Test,25
GoogleSearchResult,https://www.google.com/,Test,20
GoogleSearchResult,https://www.google.com/,Test,25
GoogleSearchResult,https://www.google.com/,Test,20
GoogleSearchResult,https://www.google.com/,Test,25
GoogleSearchResult,https://www.google.com/,Test,20
GoogleSearchResult,https://www.google.com/,Test,25
GoogleSearchResult,https://www.google.com/,Test,20
GoogleSearchResult,https://www.google.com/,Test,25
GoogleSearchResult,https://www.google.com/,Test,20
GoogleSearchResult,https://www.google.com/,Test,25
GoogleSearchResult,https://www.google.com/,Test,20
GoogleSearchResult,https://www.google.com/,Test,25
GoogleSearchResult,https://www.google.com/,Test,20
GoogleSearchResult,https://www.google.com/,Test,25
GoogleSearchResult,https://www.google.com/,Test,20
GoogleSearchResult,https://www.google.com/,Test,25
GoogleSearchResult,https://www.google.com/,Test,20
GoogleSearchResult,https://www.google.com/,Test,25
GoogleSearchResult,https://www.google.com/,Test,20
GoogleSearchResult,https://www.google.com/,Test,25
GoogleSearchResult,https://www.google.com/,Test,20
GoogleSearchResult,https://www.google.com/,Test,25
GoogleSearchResult,https://www.google.com/,Test,20
GoogleSearchResult,https://www.google.com/,Test,25
GoogleSearchResult,https://www.google.com/,Test,20
GoogleSearchResult,https://www.google.com/,Test,25
GoogleSearchResult,https://www.google.com/,Test,20
GoogleSearchResult,https://www.google.com/,Test,25
GoogleSearchResult,https://www.google.com/,Test,20
GoogleSearchResult,https://www.google.com/,Test,25
GoogleSearchResult,https://www.google.com/,Test,20
GoogleSearchResult,https://www.google.com/,Test,25
GoogleSearchResult,https://www.google.com/,Test,20
GoogleSearchResult,https://www.google.com/,Test,25
GoogleSearchResult,https://www.google.com/,Test,20
GoogleSearchResult,https://www.google.com/,Test,25
GoogleSearchResult,https://www.google.com/,Test,20
GoogleSearchResult,https://www.google.com/,Test,25
GoogleSearchResult,https://www.google.com/,Test,20
GoogleSearchResult,https://www.google.com/,Test,25
GoogleSearchResult,https://www.google.com/,Test,20
GoogleSearchResult,https://www.google.com/,Test,25
GoogleSearchResult,https://www.google.com/,Test,20
GoogleSearchResult,https://www.google.com/,Test,25
GoogleSearchResult,https://www.google.com/,Test,20
GoogleSearchResult,https://www.google.com/,Test,25
GoogleSearchResult,https://www.google.com/,Test,20
GoogleSearchResult,https://www.google.com/,Test,25
GoogleSearchResult,https://www.google.com/,Test,20
GoogleSearchResult,https://www.google.com/,Test,25
GoogleSearchResult,https://www.google.com/,Test,20
GoogleSearchResult,https://www.google.com/,Test,25
GoogleSearchResult,https://www.google.com/,Test,20
GoogleSearchResult,https://www.google.com/,Test,25
GoogleSearchResult,https://www.google.com/,Test,20
GoogleSearchResult,https://www.google.com/,Test,25
GoogleSearchResult,https://www.google.com/,Test,20
GoogleSearchResult,https://www.google.com/,Test,25
GoogleSearchResult,https://www.google.com/,Test,20
GoogleSearchResult,https://www.google.com/,Test,25
GoogleSearchResult,https://www.google.com/,Test,20
GoogleSearchResult,https://www.google.com/,Test,25
GoogleSearchResult,https://www.google.com/,Test,20
GoogleSearchResult,https://www.google.com/,Test,25
GoogleSearchResult,https://www.google.com/,Test,20
GoogleSearchResult,https://www.google.com/,Test,25
GoogleSearchResult,https://www.google.com/,Test,20
GoogleSearchResult,https://www.google.com/,Test,25
GoogleSearchResult,https://www.google.com/,Test,20
GoogleSearchResult,https://www.google.com/,Test,25
GoogleSearchResult,https://www.google.com/,Test,20
GoogleSearchResult,https://www.google.com/,Test,25
GoogleSearchResult,https://www.google.com/,Test,20
GoogleSearchResult,https://www.google.com/,Test,25
GoogleSearchResult,https://www.google.com/,Test,20
GoogleSearchResult,https://www.google.com/,Test,25
GoogleSearchResult,https://www.google.com/,Test,20
GoogleSearchResult,https://www.google.com/,Test,25
GoogleSearchResult,https://www.google.com/,Test,20
GoogleSearchResult,https://www.google.com/,Test,25
GoogleSearchResult,https://www.google.com/,Test,20
GoogleSearchResult,https://www.google.com/,Test,25
GoogleSearchResult,https://www.google.com/,Test,20
GoogleSearchResult,https://www.google.com/,Test,25
GoogleSearchResult,https://www.google.com/,Test,20
GoogleSearchResult,https://www.google.com/,Test,25
GoogleSearchResult,https://www.google.com/,Test,20
GoogleSearchResult,https://www.google.com/,Test,25
GoogleSearchResult,https://www.google.com/,Test,20
GoogleSearchResult,https://www.google.com/,Test,25
GoogleSearchResult,https://www.google.com/,Test,20
GoogleSearchResult,https://www.google.com/,Test,25
GoogleSearchResult,https://www.google.com/,Test,20
GoogleSearchResult,https://www.google.com/,Test,25
GoogleSearchResult,https://www.google.com/,Test,20
GoogleSearchResult,https://www.google.com/,Test,25
GoogleSearchResult,https://www.google.com/,Test,20
GoogleSearchResult,https://www.google.com/,Test,25
GoogleSearchResult,https://www.google.com/,Test,20
GoogleSearchResult,https://www.google.com/,Test,25
GoogleSearchResult,https://www.google.com/,Test,20
GoogleSearchResult,https://www.google.com/,Test,25
GoogleSearchResult,https://www.google.com/,Test,20
GoogleSearchResult,https://www.google.com/,Test,25
GoogleSearchResult,https://www.google.com/,Test,20
GoogleSearchResult,https://www.google.com/,Test,25
GoogleSearchResult,https://www.google.com/,Test,20
GoogleSearchResult,https://www.google.com/,Test,25
GoogleSearchResult,https://www.google.com/,Test,20
GoogleSearchResult,https://www.google.com/,Test,25
GoogleSearchResult,https://www.google.com/,Test,20
GoogleSearchResult,https://www.google.com/,Test,25
GoogleSearchResult,https://www.google.com/,Test,20
GoogleSearchResult,https://www.google.com/,Test,25
GoogleSearchResult,https://www.google.com/,Test,20
GoogleSearchResult,https://www.google.com/,Test,25
GoogleSearchResult,https://www.google.com/,Test,20
GoogleSearchResult,https://www.google.com/,Test,25
GoogleSearchResult,https://www.google.com/,Test,20
GoogleSearchResult,https://www.google.com/,Test,25
GoogleSearchResult,https://www.google.com/,Test,20
GoogleSearchResult,https://www.google.com/,Test,25
GoogleSearchResult,https://www.google.com/,Test,20
GoogleSearchResult,https://www.google.com/,Test,25
GoogleSearchResult,https://www.google.com/,Test,20
GoogleSearchResult,https://www.google.com/,Test,25
GoogleSearchResult,https://www.google.com/,Test,20
GoogleSearchResult,https://www.google.com/,Test,25
GoogleSearchResult,https://www.google.com/,Test,20
GoogleSearchResult,https://www.google.com/,Test,25
GoogleSearchResult,https://www.google.com/,Test,20
GoogleSearchResult,https://www.google.com/,Test,25
GoogleSearchResult,https://www.google.com/,Test,20
GoogleSearchResult,https://www.google.com/,Test,25
GoogleSearchResult,https://www.google.com/,Test,20
GoogleSearchResult,https://www.google.com/,Test,25
GoogleSearchResult,https://www.google.com/,Test,20
GoogleSearchResult,https://www.google.com/,Test,25
GoogleSearchResult,https://www.google.com/,Test,20
GoogleSearchResult,https://www.google.com/,Test,25
GoogleSearchResult,https://www.google.com/,Test,20
GoogleSearchResult,https://www.google.com/,Test,25
GoogleSearchResult,https://www.google.com/,Test,20
GoogleSearchResult,https://www.google.com/,Test,25
GoogleSearchResult,https://www.google.com/,Test,20
GoogleSearchResult,https://www.google.com/,Test,25
GoogleSearchResult,https://www.google.com/,Test,20
GoogleSearchResult,https://www.google.com/,Test,25
GoogleSearchResult,https://www.google.com/,Test,20
GoogleSearchResult,https://www.google.com/,Test,25
