page_type,url,job_title,
GoogleSearchResult,https://www.google.com/,Test,20
GoogleSearchResult,https://www.google.com/,Test,20
GoogleSearchResult,https://www.google.com/,Test,20
GoogleSearchResult,https://www.google.com/,Test,20
GoogleSearchResult,https://www.google.com/,Test,20
GoogleSearchResult,https://www.google.com/,Test,20
GoogleSearchResult,https://www.google.com/,Test,20
GoogleSearchResult,https://www.google.com/,Test,20
GoogleSearchResult,https://www.google.com/,Test,20
GoogleSearchResult,https://www.google.com/,Test,20
GoogleSearchResult,https://www.google.com/,Test,20
GoogleSearchResult,https://www.google.com/,Test,20
GoogleSearchResult,https://www.google.com/,Test,20
GoogleSearchResult,https://www.google.com/,Test,20
GoogleSearchResult,https://www.google.com/,Test,20
GoogleSearchResult,https://www.google.com/,Test,20
GoogleSearchResult,https://www.google.com/,Test,20
GoogleSearchResult,https://www.google.com/,Test,20
GoogleSearchResult,https://www.google.com/,Test,20
GoogleSearchResult,https://www.google.com/,Test,20
GoogleSearchResult,https://www.google.com/,Test,25
GoogleSearchResult,https://www.google.com/,Test,25
GoogleSearchResult,https://www.google.com/,Test,25
GoogleSearchResult,https://www.google.com/,Test,25
GoogleSearchResult,https://www.google.com/,Test,25
GoogleSearchResult,https://www.google.com/,Test,25
GoogleSearchResult,https://www.google.com/,Test,25
GoogleSearchResult,https://www.google.com/,Test,25
GoogleSearchResult,https://www.google.com/,Test,25
GoogleSearchResult,https://www.google.com/,Test,25
GoogleSearchResult,https://www.google.com/,Test,25
GoogleSearchResult,https://www.google.com/,Test,25
GoogleSearchResult,https://www.google.com/,Test,25
GoogleSearchResult,https://www.google.com/,Test,25
GoogleSearchResult,https://www.google.com/,Test,25
GoogleSearchResult,https://www.google.com/,Test,25
GoogleSearchResult,https://www.google.com/,Test,25
GoogleSearchResult,https://www.google.com/,Test,25
GoogleSearchResult,https://www.google.com/,Test,25
GoogleSearchResult,https://www.google.com/,Test,25
GoogleSearchResult,https://www.google.com/,Test,25
GoogleSearchResult,https://www.google.com/,Test,25
GoogleSearchResult,https://www.google.com/,Test,25
GoogleSearchResult,https://www.google.com/,Test,25
GoogleSearchResult,https://www.google.com/,Test,25
GoogleSearchResult,https://www.google.com/,Test,
GoogleSearchResult,https://www.google.com/,Test,
GoogleSearchResult,https://www.google.com/,Test,
GoogleSearchResult,https://www.google.com/,Test,
GoogleSearchResult,https://www.google.com/,Test,
GoogleSearchResult,https://www.google.com/,Test,
GoogleSearchResult,https://www.google.com/,Test,
GoogleSearchResult,https://www.google.com/,Test,
GoogleSearchResult,https://www.google.com/,Test,
GoogleSearchResult,https://www.google.com/,Test,
GoogleSearchResult,https://www.google.com/,Test,
GoogleSearchResult,https://www.google.com/,Test,
GoogleSearchResult,https://www.google.com/,Test,
GoogleSearchResult,https://www.google.com/,Test,
GoogleSearchResult,https://www.google.com/,Test,
GoogleSearchResult,https://www.google.com/,Test,
GoogleSearchResult,https://www.google.com/,Test,
GoogleSearchResult,https://www.google.com/,Test,
GoogleSearchResult,https://www.google.com/,Test,
GoogleSearchResult,https://www.google.com/,Test,
GoogleSearchResult,https://www.google.com/,Test,
GoogleSearchResult,https://www.google.com/,Test,
GoogleSearchResult,https://www.google.com/,Test,
GoogleSearchResult,https://www.google.com/,Test,
GoogleSearchResult,https://www.google.com/,Test,
GoogleSearchResult,https://www.google.com/,Test,
GoogleSearchResult,https://www.google.com/,Test,
GoogleSearchResult,https://www.google.com/,Test,
GoogleSearchResult,https://www.google.com/,Test,
GoogleSearchResult,https://www.google.com/,Test,
GoogleSearchResult,https://www.google.com/,Test,
GoogleSearchResult,https://www.google.com/,Test,
GoogleSearchResult,https://www.google.com/,Test,
GoogleSearchResult,https://www.google.com/,Test,
GoogleSearchResult,https://www.google.com/,Test,
GoogleSearchResult,https://www.google.com/,Test,
GoogleSearchResult,https://www.google.com/,Test,
GoogleSearchResult,https://www.google.com/,Test,
GoogleSearchResult,https://www.google.com/,Test,
GoogleSearchResult,https://www.google.com/,Test,
GoogleSearchResult,https://www.google.com/,Test,
GoogleSearchResult,https://www.google.com/,Test,
GoogleSearchResult,https://www.google.com/,Test,
GoogleSearchResult,https://www.google.com/,Test,
GoogleSearchResult,https://www.google.com/,Test,
GoogleSearchResult,https://www.google.com/,Test,
GoogleSearchResult,https://www.google.com/,Test,
GoogleSearchResult,https://www.google.com/,Test,
GoogleSearchResult,https://www.google.com/,Test,
GoogleSearchResult,https://www.google.com/,Test,
GoogleSearchResult,https://www.google.com/,Test,
GoogleSearchResult,https://www.google.com/,Test,
GoogleSearchResult,https://www.google.com/,Test,
GoogleSearchResult,https://www.google.com/,Test,
GoogleSearchResult,https://www.google.com/,Test,
