page_type,url,job_title,no_of_searches
GoogleSearchResult,https://www.google.com/,"Android Developer",500
GoogleSearchResult,https://www.google.com/,"Android Developer",500
GoogleSearchResult,https://www.google.com/,"Android Developer",500
GoogleSearchResult,https://www.google.com/,"Android Developer",500
GoogleSearchResult,https://www.google.com/,"Android Developer",500
GoogleSearchResult,https://www.google.com/,"Android Developer",500
GoogleSearchResult,https://www.google.com/,"Android Developer",500
GoogleSearchResult,https://www.google.com/,"Android Developer",500
GoogleSearchResult,https://www.google.com/,"Android Developer",500
GoogleSearchResult,https://www.google.com/,"Android Developer",500
GoogleSearchResult,https://www.google.com/,"Android Developer",500
GoogleSearchResult,https://www.google.com/,"Android Developer",500
GoogleSearchResult,https://www.google.com/,"Android Developer",500
GoogleSearchResult,https://www.google.com/,"Android Developer",500
GoogleSearchResult,https://www.google.com/,"Android Developer",500
GoogleSearchResult,https://www.google.com/,"Android Developer",500
GoogleSearchResult,https://www.google.com/,"Android Developer",500
GoogleSearchResult,https://www.google.com/,"Android Developer",500
GoogleSearchResult,https://www.google.com/,"Android Developer",500
GoogleSearchResult,https://www.google.com/,"Android Developer",500
GoogleSearchResult,https://www.google.com/,"Android Developer",500
GoogleSearchResult,https://www.google.com/,"Android Developer",500
GoogleSearchResult,https://www.google.com/,"Android Developer",500
GoogleSearchResult,https://www.google.com/,"Android Developer",500
GoogleSearchResult,https://www.google.com/,"Android Developer",500
GoogleSearchResult,https://www.google.com/,"Android Developer",500
GoogleSearchResult,https://www.google.com/,"Android Developer",500
GoogleSearchResult,https://www.google.com/,"Android Developer",500
GoogleSearchResult,https://www.google.com/,"Android Developer",500
GoogleSearchResult,https://www.google.com/,"Android Developer",500
GoogleSearchResult,https://www.google.com/,"Android Developer",500
GoogleSearchResult,https://www.google.com/,"Android Developer",500
GoogleSearchResult,https://www.google.com/,"Android Developer",500
GoogleSearchResult,https://www.google.com/,"Android Developer",500
GoogleSearchResult,https://www.google.com/,"Android Developer",500
GoogleSearchResult,https://www.google.com/,"Android Developer",500
GoogleSearchResult,https://www.google.com/,"Android Developer",500
GoogleSearchResult,https://www.google.com/,"Android Developer",500
GoogleSearchResult,https://www.google.com/,"Android Developer",500
GoogleSearchResult,https://www.google.com/,"Android Developer",500
GoogleSearchResult,https://www.google.com/,"Android Developer",500
GoogleSearchResult,https://www.google.com/,"Android Developer",500
GoogleSearchResult,https://www.google.com/,"Android Developer",500
GoogleSearchResult,https://www.google.com/,"Android Developer",500
GoogleSearchResult,https://www.google.com/,"Android Developer",500
GoogleSearchResult,https://www.google.com/,"Android Developer",500
GoogleSearchResult,https://www.google.com/,"Android Developer",500
GoogleSearchResult,https://www.google.com/,"Android Developer",500
GoogleSearchResult,https://www.google.com/,"Android Developer",500
GoogleSearchResult,https://www.google.com/,"Android Developer",500
GoogleSearchResult,https://www.google.com/,"Android Developer",500
GoogleSearchResult,https://www.google.com/,"Android Developer",500
GoogleSearchResult,https://www.google.com/,"Android Developer",500
GoogleSearchResult,https://www.google.com/,"Android Developer",500
GoogleSearchResult,https://www.google.com/,"Android Developer",500
GoogleSearchResult,https://www.google.com/,"Android Developer",500
GoogleSearchResult,https://www.google.com/,"Android Developer",500
GoogleSearchResult,https://www.google.com/,"Android Developer",500
GoogleSearchResult,https://www.google.com/,"Android Developer",500
GoogleSearchResult,https://www.google.com/,"Android Developer",500
GoogleSearchResult,https://www.google.com/,"Android Developer",500
GoogleSearchResult,https://www.google.com/,"Android Developer",500
GoogleSearchResult,https://www.google.com/,"Android Developer",500
GoogleSearchResult,https://www.google.com/,"Android Developer",500
GoogleSearchResult,https://www.google.com/,"Android Developer",500
GoogleSearchResult,https://www.google.com/,"Android Developer",500
GoogleSearchResult,https://www.google.com/,"Android Developer",500
GoogleSearchResult,https://www.google.com/,"Android Developer",500
GoogleSearchResult,https://www.google.com/,"Android Developer",500
GoogleSearchResult,https://www.google.com/,"Android Developer",500
GoogleSearchResult,https://www.google.com/,"Android Developer",500
GoogleSearchResult,https://www.google.com/,"Android Developer",500
GoogleSearchResult,https://www.google.com/,"Android Developer",500
GoogleSearchResult,https://www.google.com/,"Android Developer",500
GoogleSearchResult,https://www.google.com/,"Android Developer",500
GoogleSearchResult,https://www.google.com/,"Android Developer",500
GoogleSearchResult,https://www.google.com/,"Android Developer",500
GoogleSearchResult,https://www.google.com/,"Android Developer",500
GoogleSearchResult,https://www.google.com/,"Android Developer",500
GoogleSearchResult,https://www.google.com/,"Android Developer",500
GoogleSearchResult,https://www.google.com/,"Android Developer",500
GoogleSearchResult,https://www.google.com/,"Android Developer",500
GoogleSearchResult,https://www.google.com/,"Android Developer",500
GoogleSearchResult,https://www.google.com/,"Android Developer",500
GoogleSearchResult,https://www.google.com/,"Android Developer",500
GoogleSearchResult,https://www.google.com/,"Android Developer",500
GoogleSearchResult,https://www.google.com/,"Android Developer",500
GoogleSearchResult,https://www.google.com/,"Android Developer",500
GoogleSearchResult,https://www.google.com/,"Android Developer",500
GoogleSearchResult,https://www.google.com/,"Android Developer",500
GoogleSearchResult,https://www.google.com/,"Android Developer",500
GoogleSearchResult,https://www.google.com/,"Android Developer",500
GoogleSearchResult,https://www.google.com/,"Android Developer",500
GoogleSearchResult,https://www.google.com/,"Android Developer",500
GoogleSearchResult,https://www.google.com/,"Android Developer",500
GoogleSearchResult,https://www.google.com/,"Android Developer",500
GoogleSearchResult,https://www.google.com/,"Android Developer",500
GoogleSearchResult,https://www.google.com/,"Android Developer",500
GoogleSearchResult,https://www.google.com/,"Android Developer",500
GoogleSearchResult,https://www.google.com/,"Android Developer",500
GoogleSearchResult,https://www.google.com/,"Android Developer",500
GoogleSearchResult,https://www.google.com/,"Android Developer",500
GoogleSearchResult,https://www.google.com/,"Android Developer",500
GoogleSearchResult,https://www.google.com/,"Android Developer",500
GoogleSearchResult,https://www.google.com/,"Android Developer",500
GoogleSearchResult,https://www.google.com/,"Android Developer",500
GoogleSearchResult,https://www.google.com/,"Android Developer",500
GoogleSearchResult,https://www.google.com/,"Android Developer",500
GoogleSearchResult,https://www.google.com/,"Android Developer",500
GoogleSearchResult,https://www.google.com/,"Android Developer",500
GoogleSearchResult,https://www.google.com/,"Android Developer",500
GoogleSearchResult,https://www.google.com/,"Android Developer",500
GoogleSearchResult,https://www.google.com/,"Android Developer",500
GoogleSearchResult,https://www.google.com/,"Android Developer",500
GoogleSearchResult,https://www.google.com/,"Android Developer",500
GoogleSearchResult,https://www.google.com/,"Android Developer",500
GoogleSearchResult,https://www.google.com/,"Android Developer",500
GoogleSearchResult,https://www.google.com/,"Android Developer",500
GoogleSearchResult,https://www.google.com/,"Android Developer",500
GoogleSearchResult,https://www.google.com/,"Android Developer",500
GoogleSearchResult,https://www.google.com/,"Android Developer",500
GoogleSearchResult,https://www.google.com/,"Android Developer",500
GoogleSearchResult,https://www.google.com/,"Android Developer",500
GoogleSearchResult,https://www.google.com/,"Android Developer",500
GoogleSearchResult,https://www.google.com/,"Android Developer",500
GoogleSearchResult,https://www.google.com/,"Android Developer",500
GoogleSearchResult,https://www.google.com/,"Android Developer",500
GoogleSearchResult,https://www.google.com/,"Android Developer",500
GoogleSearchResult,https://www.google.com/,"Android Developer",500
GoogleSearchResult,https://www.google.com/,"Android Developer",500
GoogleSearchResult,https://www.google.com/,"Android Developer",500
GoogleSearchResult,https://www.google.com/,"Android Developer",500
GoogleSearchResult,https://www.google.com/,"Android Developer",500
GoogleSearchResult,https://www.google.com/,"Android Developer",500
GoogleSearchResult,https://www.google.com/,"Android Developer",500
GoogleSearchResult,https://www.google.com/,"Android Developer",500
GoogleSearchResult,https://www.google.com/,"Android Developer",500
GoogleSearchResult,https://www.google.com/,"Android Developer",500
GoogleSearchResult,https://www.google.com/,"Android Developer",500
GoogleSearchResult,https://www.google.com/,"Android Developer",500
GoogleSearchResult,https://www.google.com/,"Android Developer",500
GoogleSearchResult,https://www.google.com/,"Android Developer",500
GoogleSearchResult,https://www.google.com/,"Android Developer",500
GoogleSearchResult,https://www.google.com/,"Android Developer",500
GoogleSearchResult,https://www.google.com/,"Android Developer",500
GoogleSearchResult,https://www.google.com/,"Android Developer",500
GoogleSearchResult,https://www.google.com/,"Android Developer",500
GoogleSearchResult,https://www.google.com/,"Android Developer",500
GoogleSearchResult,https://www.google.com/,"Android Developer",500
GoogleSearchResult,https://www.google.com/,"Android Developer",500
GoogleSearchResult,https://www.google.com/,"Android Developer",500
GoogleSearchResult,https://www.google.com/,"Android Developer",500
GoogleSearchResult,https://www.google.com/,"Android Developer",500
GoogleSearchResult,https://www.google.com/,"Android Developer",500
GoogleSearchResult,https://www.google.com/,"Android Developer",500
GoogleSearchResult,https://www.google.com/,"Android Developer",500
GoogleSearchResult,https://www.google.com/,"Android Developer",500
GoogleSearchResult,https://www.google.com/,"Android Developer",500
GoogleSearchResult,https://www.google.com/,"Android Developer",500
GoogleSearchResult,https://www.google.com/,"Android Developer",500
GoogleSearchResult,https://www.google.com/,"Android Developer",500
GoogleSearchResult,https://www.google.com/,"Android Developer",500
GoogleSearchResult,https://www.google.com/,"Android Developer",500
GoogleSearchResult,https://www.google.com/,"Android Developer",500
GoogleSearchResult,https://www.google.com/,"Android Developer",500
GoogleSearchResult,https://www.google.com/,"Android Developer",500
GoogleSearchResult,https://www.google.com/,"Android Developer",500
GoogleSearchResult,https://www.google.com/,"Android Developer",500
GoogleSearchResult,https://www.google.com/,"Android Developer",500
GoogleSearchResult,https://www.google.com/,"Android Developer",500
GoogleSearchResult,https://www.google.com/,"Android Developer",500
GoogleSearchResult,https://www.google.com/,"Android Developer",500
GoogleSearchResult,https://www.google.com/,"Android Developer",500
GoogleSearchResult,https://www.google.com/,"Android Developer",500
GoogleSearchResult,https://www.google.com/,"Android Developer",500
GoogleSearchResult,https://www.google.com/,"Android Developer",500
GoogleSearchResult,https://www.google.com/,"Android Developer",500
GoogleSearchResult,https://www.google.com/,"Android Developer",500
GoogleSearchResult,https://www.google.com/,"Android Developer",500
GoogleSearchResult,https://www.google.com/,"Android Developer",500
GoogleSearchResult,https://www.google.com/,"Android Developer",500
GoogleSearchResult,https://www.google.com/,"Android Developer",500
GoogleSearchResult,https://www.google.com/,"Android Developer",500
GoogleSearchResult,https://www.google.com/,"Android Developer",500
GoogleSearchResult,https://www.google.com/,"Android Developer",500
GoogleSearchResult,https://www.google.com/,"Android Developer",500
GoogleSearchResult,https://www.google.com/,"Android Developer",500
GoogleSearchResult,https://www.google.com/,"Android Developer",500
GoogleSearchResult,https://www.google.com/,"Android Developer",500
GoogleSearchResult,https://www.google.com/,"Android Developer",500
GoogleSearchResult,https://www.google.com/,"Android Developer",500
GoogleSearchResult,https://www.google.com/,"Android Developer",500
GoogleSearchResult,https://www.google.com/,"Android Developer",500
GoogleSearchResult,https://www.google.com/,"Android Developer",500
GoogleSearchResult,https://www.google.com/,"Android Developer",500
GoogleSearchResult,https://www.google.com/,"Android Developer",500
GoogleSearchResult,https://www.google.com/,"Android Developer",500
GoogleSearchResult,https://www.google.com/,"Android Developer",500
GoogleSearchResult,https://www.google.com/,"Android Developer",500
GoogleSearchResult,https://www.google.com/,"Android Developer",500
GoogleSearchResult,https://www.google.com/,"Android Developer",500
GoogleSearchResult,https://www.google.com/,"Android Developer",500
GoogleSearchResult,https://www.google.com/,"Android Developer",500
GoogleSearchResult,https://www.google.com/,"Android Developer",500
GoogleSearchResult,https://www.google.com/,"Android Developer",500
GoogleSearchResult,https://www.google.com/,"Android Developer",500
GoogleSearchResult,https://www.google.com/,"Android Developer",500
GoogleSearchResult,https://www.google.com/,"Android Developer",500
GoogleSearchResult,https://www.google.com/,"Android Developer",500
GoogleSearchResult,https://www.google.com/,"Android Developer",500
GoogleSearchResult,https://www.google.com/,"Android Developer",500
GoogleSearchResult,https://www.google.com/,"Android Developer",500
GoogleSearchResult,https://www.google.com/,"Android Developer",500
GoogleSearchResult,https://www.google.com/,"Android Developer",500
GoogleSearchResult,https://www.google.com/,"Android Developer",500
GoogleSearchResult,https://www.google.com/,"Android Developer",500
GoogleSearchResult,https://www.google.com/,"Android Developer",500
GoogleSearchResult,https://www.google.com/,"Android Developer",500
GoogleSearchResult,https://www.google.com/,"Android Developer",500
GoogleSearchResult,https://www.google.com/,"Android Developer",500
GoogleSearchResult,https://www.google.com/,"Android Developer",500
GoogleSearchResult,https://www.google.com/,"Android Developer",500
GoogleSearchResult,https://www.google.com/,"Android Developer",500
GoogleSearchResult,https://www.google.com/,"Android Developer",500
GoogleSearchResult,https://www.google.com/,"Android Developer",500
GoogleSearchResult,https://www.google.com/,"Android Developer",500
GoogleSearchResult,https://www.google.com/,"Android Developer",500
GoogleSearchResult,https://www.google.com/,"Android Developer",500
GoogleSearchResult,https://www.google.com/,"Android Developer",500
GoogleSearchResult,https://www.google.com/,"Android Developer",500
GoogleSearchResult,https://www.google.com/,"Android Developer",500
GoogleSearchResult,https://www.google.com/,"Android Developer",500
GoogleSearchResult,https://www.google.com/,"Android Developer",500
GoogleSearchResult,https://www.google.com/,"Android Developer",500
GoogleSearchResult,https://www.google.com/,"Android Developer",500
GoogleSearchResult,https://www.google.com/,"Android Developer",500
GoogleSearchResult,https://www.google.com/,"Android Developer",500
GoogleSearchResult,https://www.google.com/,"Android Developer",500
GoogleSearchResult,https://www.google.com/,"Android Developer",500
GoogleSearchResult,https://www.google.com/,"Android Developer",500
GoogleSearchResult,https://www.google.com/,"Android Developer",500
GoogleSearchResult,https://www.google.com/,"Android Developer",500
GoogleSearchResult,https://www.google.com/,"Android Developer",500
GoogleSearchResult,https://www.google.com/,"Android Developer",500
GoogleSearchResult,https://www.google.com/,"Android Developer",500
GoogleSearchResult,https://www.google.com/,"Android Developer",500
GoogleSearchResult,https://www.google.com/,"Android Developer",500
GoogleSearchResult,https://www.google.com/,"Android Developer",500
GoogleSearchResult,https://www.google.com/,"Android Developer",500
GoogleSearchResult,https://www.google.com/,"Android Developer",500
GoogleSearchResult,https://www.google.com/,"Android Developer",500
GoogleSearchResult,https://www.google.com/,"Android Developer",500
GoogleSearchResult,https://www.google.com/,"Android Developer",500
GoogleSearchResult,https://www.google.com/,"Android Developer",500
GoogleSearchResult,https://www.google.com/,"Android Developer",500
GoogleSearchResult,https://www.google.com/,"Android Developer",500
GoogleSearchResult,https://www.google.com/,"Android Developer",500
GoogleSearchResult,https://www.google.com/,"Android Developer",500
GoogleSearchResult,https://www.google.com/,"Android Developer",500
GoogleSearchResult,https://www.google.com/,"Android Developer",500
GoogleSearchResult,https://www.google.com/,"Android Developer",500
GoogleSearchResult,https://www.google.com/,"Android Developer",500
GoogleSearchResult,https://www.google.com/,"Android Developer",500
GoogleSearchResult,https://www.google.com/,"Android Developer",500
GoogleSearchResult,https://www.google.com/,"Android Developer",500
GoogleSearchResult,https://www.google.com/,"Android Developer",500
GoogleSearchResult,https://www.google.com/,"Android Developer",500
GoogleSearchResult,https://www.google.com/,"Android Developer",500
GoogleSearchResult,https://www.google.com/,"Android Developer",500
GoogleSearchResult,https://www.google.com/,"Android Developer",500
GoogleSearchResult,https://www.google.com/,"Android Developer",500
GoogleSearchResult,https://www.google.com/,"Android Developer",500
GoogleSearchResult,https://www.google.com/,"Android Developer",500
GoogleSearchResult,https://www.google.com/,"Android Developer",500
GoogleSearchResult,https://www.google.com/,"Android Developer",500
GoogleSearchResult,https://www.google.com/,"Android Developer",500
GoogleSearchResult,https://www.google.com/,"Android Developer",500
GoogleSearchResult,https://www.google.com/,"Android Developer",500
GoogleSearchResult,https://www.google.com/,"Android Developer",500
GoogleSearchResult,https://www.google.com/,"Android Developer",500
GoogleSearchResult,https://www.google.com/,"Android Developer",500
GoogleSearchResult,https://www.google.com/,"Android Developer",500
GoogleSearchResult,https://www.google.com/,"Android Developer",500
GoogleSearchResult,https://www.google.com/,"Android Developer",500
GoogleSearchResult,https://www.google.com/,"Android Developer",500
GoogleSearchResult,https://www.google.com/,"Android Developer",500
GoogleSearchResult,https://www.google.com/,"Android Developer",500
GoogleSearchResult,https://www.google.com/,"Android Developer",500
GoogleSearchResult,https://www.google.com/,"Android Developer",500
GoogleSearchResult,https://www.google.com/,"Android Developer",500
GoogleSearchResult,https://www.google.com/,"Android Developer",500
GoogleSearchResult,https://www.google.com/,"Android Developer",500
GoogleSearchResult,https://www.google.com/,"Android Developer",500
GoogleSearchResult,https://www.google.com/,"Android Developer",500
GoogleSearchResult,https://www.google.com/,"Android Developer",500
GoogleSearchResult,https://www.google.com/,"Android Developer",500
GoogleSearchResult,https://www.google.com/,"Android Developer",500
GoogleSearchResult,https://www.google.com/,"Android Developer",500
GoogleSearchResult,https://www.google.com/,"Android Developer",500
GoogleSearchResult,https://www.google.com/,"Android Developer",500
GoogleSearchResult,https://www.google.com/,"Android Developer",500
GoogleSearchResult,https://www.google.com/,"Android Developer",500
GoogleSearchResult,https://www.google.com/,"Android Developer",500
GoogleSearchResult,https://www.google.com/,"Android Developer",500
GoogleSearchResult,https://www.google.com/,"Android Developer",500
GoogleSearchResult,https://www.google.com/,"Android Developer",500
GoogleSearchResult,https://www.google.com/,"Android Developer",500
GoogleSearchResult,https://www.google.com/,"Android Developer",500
GoogleSearchResult,https://www.google.com/,"Android Developer",500
GoogleSearchResult,https://www.google.com/,"Android Developer",500
GoogleSearchResult,https://www.google.com/,"Android Developer",500
GoogleSearchResult,https://www.google.com/,"Android Developer",500
GoogleSearchResult,https://www.google.com/,"Android Developer",500
GoogleSearchResult,https://www.google.com/,"Android Developer",500
GoogleSearchResult,https://www.google.com/,"Android Developer",500
GoogleSearchResult,https://www.google.com/,"Android Developer",500
GoogleSearchResult,https://www.google.com/,"Android Developer",500
GoogleSearchResult,https://www.google.com/,"Android Developer",500
GoogleSearchResult,https://www.google.com/,"Android Developer",500
GoogleSearchResult,https://www.google.com/,"Android Developer",500
GoogleSearchResult,https://www.google.com/,"Android Developer",500
GoogleSearchResult,https://www.google.com/,"Android Developer",500
GoogleSearchResult,https://www.google.com/,"Android Developer",500
GoogleSearchResult,https://www.google.com/,"Android Developer",500
GoogleSearchResult,https://www.google.com/,"Android Developer",500
GoogleSearchResult,https://www.google.com/,"Android Developer",500
GoogleSearchResult,https://www.google.com/,"Android Developer",500
GoogleSearchResult,https://www.google.com/,"Android Developer",500
GoogleSearchResult,https://www.google.com/,"Android Developer",500
GoogleSearchResult,https://www.google.com/,"Android Developer",500
GoogleSearchResult,https://www.google.com/,"Android Developer",500
GoogleSearchResult,https://www.google.com/,"Android Developer",500
GoogleSearchResult,https://www.google.com/,"Android Developer",500
GoogleSearchResult,https://www.google.com/,"Android Developer",500
GoogleSearchResult,https://www.google.com/,"Android Developer",500
GoogleSearchResult,https://www.google.com/,"Android Developer",500
GoogleSearchResult,https://www.google.com/,"Android Developer",500
GoogleSearchResult,https://www.google.com/,"Android Developer",500
GoogleSearchResult,https://www.google.com/,"Android Developer",500
GoogleSearchResult,https://www.google.com/,"Android Developer",500
GoogleSearchResult,https://www.google.com/,"Android Developer",500
GoogleSearchResult,https://www.google.com/,"Android Developer",500
GoogleSearchResult,https://www.google.com/,"Android Developer",500
GoogleSearchResult,https://www.google.com/,"Android Developer",500
GoogleSearchResult,https://www.google.com/,"Android Developer",500
GoogleSearchResult,https://www.google.com/,"Android Developer",500
GoogleSearchResult,https://www.google.com/,"Android Developer",500
GoogleSearchResult,https://www.google.com/,"Android Developer",500
GoogleSearchResult,https://www.google.com/,"Android Developer",500
GoogleSearchResult,https://www.google.com/,"Android Developer",500
GoogleSearchResult,https://www.google.com/,"Android Developer",500
GoogleSearchResult,https://www.google.com/,"Android Developer",500
GoogleSearchResult,https://www.google.com/,"Android Developer",500
GoogleSearchResult,https://www.google.com/,"Android Developer",500
GoogleSearchResult,https://www.google.com/,"Android Developer",500
GoogleSearchResult,https://www.google.com/,"Android Developer",500
GoogleSearchResult,https://www.google.com/,"Android Developer",500
GoogleSearchResult,https://www.google.com/,"Android Developer",500
GoogleSearchResult,https://www.google.com/,"Android Developer",500
GoogleSearchResult,https://www.google.com/,"Android Developer",500
GoogleSearchResult,https://www.google.com/,"Android Developer",500
GoogleSearchResult,https://www.google.com/,"Android Developer",500
GoogleSearchResult,https://www.google.com/,"Android Developer",500
GoogleSearchResult,https://www.google.com/,"Android Developer",500
GoogleSearchResult,https://www.google.com/,"Android Developer",500
GoogleSearchResult,https://www.google.com/,"Android Developer",500
GoogleSearchResult,https://www.google.com/,"Android Developer",500
GoogleSearchResult,https://www.google.com/,"Android Developer",500
GoogleSearchResult,https://www.google.com/,"Android Developer",500
GoogleSearchResult,https://www.google.com/,"Android Developer",500
GoogleSearchResult,https://www.google.com/,"Android Developer",500
GoogleSearchResult,https://www.google.com/,"Android Developer",500
GoogleSearchResult,https://www.google.com/,"Android Developer",500
GoogleSearchResult,https://www.google.com/,"Android Developer",500
GoogleSearchResult,https://www.google.com/,"Android Developer",500
GoogleSearchResult,https://www.google.com/,"Android Developer",500
GoogleSearchResult,https://www.google.com/,"Android Developer",500
GoogleSearchResult,https://www.google.com/,"Android Developer",500
GoogleSearchResult,https://www.google.com/,"Android Developer",500
GoogleSearchResult,https://www.google.com/,"Android Developer",500
GoogleSearchResult,https://www.google.com/,"Android Developer",500
GoogleSearchResult,https://www.google.com/,"Android Developer",500
GoogleSearchResult,https://www.google.com/,"Android Developer",500
GoogleSearchResult,https://www.google.com/,"Android Developer",500
GoogleSearchResult,https://www.google.com/,"Android Developer",500
GoogleSearchResult,https://www.google.com/,"Android Developer",500
GoogleSearchResult,https://www.google.com/,"Android Developer",500
GoogleSearchResult,https://www.google.com/,"Android Developer",500
GoogleSearchResult,https://www.google.com/,"Android Developer",500
GoogleSearchResult,https://www.google.com/,"Android Developer",500
GoogleSearchResult,https://www.google.com/,"Android Developer",500
GoogleSearchResult,https://www.google.com/,"Android Developer",500
GoogleSearchResult,https://www.google.com/,"Android Developer",500
GoogleSearchResult,https://www.google.com/,"Android Developer",500
GoogleSearchResult,https://www.google.com/,"Android Developer",500
GoogleSearchResult,https://www.google.com/,"Android Developer",500
GoogleSearchResult,https://www.google.com/,"Android Developer",500
GoogleSearchResult,https://www.google.com/,"Android Developer",500
GoogleSearchResult,https://www.google.com/,"Android Developer",500
GoogleSearchResult,https://www.google.com/,"Android Developer",500
GoogleSearchResult,https://www.google.com/,"Android Developer",500
GoogleSearchResult,https://www.google.com/,"Android Developer",500
GoogleSearchResult,https://www.google.com/,"Android Developer",500
GoogleSearchResult,https://www.google.com/,"Android Developer",500
GoogleSearchResult,https://www.google.com/,"Android Developer",500
GoogleSearchResult,https://www.google.com/,"Android Developer",500
GoogleSearchResult,https://www.google.com/,"Android Developer",500
GoogleSearchResult,https://www.google.com/,"Android Developer",500
GoogleSearchResult,https://www.google.com/,"Android Developer",500
GoogleSearchResult,https://www.google.com/,"Android Developer",500
GoogleSearchResult,https://www.google.com/,"Android Developer",500
GoogleSearchResult,https://www.google.com/,"Android Developer",500
GoogleSearchResult,https://www.google.com/,"Android Developer",500
GoogleSearchResult,https://www.google.com/,"Android Developer",500
GoogleSearchResult,https://www.google.com/,"Android Developer",500
GoogleSearchResult,https://www.google.com/,"Android Developer",500
GoogleSearchResult,https://www.google.com/,"Android Developer",500
GoogleSearchResult,https://www.google.com/,"Android Developer",500
GoogleSearchResult,https://www.google.com/,"Android Developer",500
GoogleSearchResult,https://www.google.com/,"Android Developer",500
GoogleSearchResult,https://www.google.com/,"Android Developer",500
GoogleSearchResult,https://www.google.com/,"Android Developer",500
GoogleSearchResult,https://www.google.com/,"Android Developer",500
GoogleSearchResult,https://www.google.com/,"Android Developer",500
GoogleSearchResult,https://www.google.com/,"Android Developer",500
GoogleSearchResult,https://www.google.com/,"Android Developer",500
GoogleSearchResult,https://www.google.com/,"Android Developer",500
GoogleSearchResult,https://www.google.com/,"Android Developer",500
GoogleSearchResult,https://www.google.com/,"Android Developer",500
GoogleSearchResult,https://www.google.com/,"Android Developer",500
GoogleSearchResult,https://www.google.com/,"Android Developer",500
GoogleSearchResult,https://www.google.com/,"Android Developer",500
GoogleSearchResult,https://www.google.com/,"Android Developer",500
GoogleSearchResult,https://www.google.com/,"Android Developer",500
GoogleSearchResult,https://www.google.com/,"Android Developer",500
GoogleSearchResult,https://www.google.com/,"Android Developer",500
GoogleSearchResult,https://www.google.com/,"Android Developer",500
GoogleSearchResult,https://www.google.com/,"Android Developer",500
GoogleSearchResult,https://www.google.com/,"Android Developer",500
GoogleSearchResult,https://www.google.com/,"Android Developer",500
GoogleSearchResult,https://www.google.com/,"Android Developer",500
GoogleSearchResult,https://www.google.com/,"Android Developer",500
GoogleSearchResult,https://www.google.com/,"Android Developer",500
GoogleSearchResult,https://www.google.com/,"Android Developer",500
GoogleSearchResult,https://www.google.com/,"Android Developer",500
GoogleSearchResult,https://www.google.com/,"Android Developer",500
GoogleSearchResult,https://www.google.com/,"Android Developer",500
GoogleSearchResult,https://www.google.com/,"Android Developer",500
GoogleSearchResult,https://www.google.com/,"Android Developer",500
GoogleSearchResult,https://www.google.com/,"Android Developer",500
GoogleSearchResult,https://www.google.com/,"Android Developer",500
GoogleSearchResult,https://www.google.com/,"Android Developer",500
GoogleSearchResult,https://www.google.com/,"Android Developer",500
GoogleSearchResult,https://www.google.com/,"Android Developer",500
GoogleSearchResult,https://www.google.com/,"Android Developer",500
GoogleSearchResult,https://www.google.com/,"Android Developer",500
GoogleSearchResult,https://www.google.com/,"Android Developer",500
GoogleSearchResult,https://www.google.com/,"Android Developer",500
GoogleSearchResult,https://www.google.com/,"Android Developer",500
GoogleSearchResult,https://www.google.com/,"Android Developer",500
GoogleSearchResult,https://www.google.com/,"Android Developer",500
GoogleSearchResult,https://www.google.com/,"Android Developer",500
GoogleSearchResult,https://www.google.com/,"Android Developer",500
GoogleSearchResult,https://www.google.com/,"Android Developer",500
GoogleSearchResult,https://www.google.com/,"Android Developer",500
GoogleSearchResult,https://www.google.com/,"Android Developer",500
GoogleSearchResult,https://www.google.com/,"Android Developer",500
GoogleSearchResult,https://www.google.com/,"Android Developer",500
GoogleSearchResult,https://www.google.com/,"Android Developer",500
GoogleSearchResult,https://www.google.com/,"Android Developer",500
GoogleSearchResult,https://www.google.com/,"Android Developer",500
GoogleSearchResult,https://www.google.com/,"Android Developer",500
GoogleSearchResult,https://www.google.com/,"Android Developer",500
GoogleSearchResult,https://www.google.com/,"Android Developer",500
GoogleSearchResult,https://www.google.com/,"Android Developer",500
GoogleSearchResult,https://www.google.com/,"Android Developer",500
GoogleSearchResult,https://www.google.com/,"Android Developer",500
GoogleSearchResult,https://www.google.com/,"Android Developer",500
GoogleSearchResult,https://www.google.com/,"Android Developer",500
GoogleSearchResult,https://www.google.com/,"Android Developer",500
GoogleSearchResult,https://www.google.com/,"Android Developer",500
GoogleSearchResult,https://www.google.com/,"Android Developer",500
GoogleSearchResult,https://www.google.com/,"Android Developer",500
GoogleSearchResult,https://www.google.com/,"Android Developer",500
GoogleSearchResult,https://www.google.com/,"Android Developer",500
GoogleSearchResult,https://www.google.com/,"Android Developer",500
GoogleSearchResult,https://www.google.com/,"Android Developer",500
GoogleSearchResult,https://www.google.com/,"Android Developer",500
GoogleSearchResult,https://www.google.com/,"Android Developer",500
GoogleSearchResult,https://www.google.com/,"Android Developer",500
GoogleSearchResult,https://www.google.com/,"Android Developer",500
GoogleSearchResult,https://www.google.com/,"Android Developer",500
GoogleSearchResult,https://www.google.com/,"Android Developer",500
GoogleSearchResult,https://www.google.com/,"Android Developer",500
GoogleSearchResult,https://www.google.com/,"Android Developer",500
GoogleSearchResult,https://www.google.com/,"Android Developer",500
GoogleSearchResult,https://www.google.com/,"Android Developer",500
GoogleSearchResult,https://www.google.com/,"Android Developer",500
GoogleSearchResult,https://www.google.com/,"Android Developer",500
GoogleSearchResult,https://www.google.com/,"Android Developer",500
GoogleSearchResult,https://www.google.com/,"Software Developer",100
GoogleSearchResult,https://www.google.com/,"Software Developer",100
GoogleSearchResult,https://www.google.com/,"Software Developer",100
GoogleSearchResult,https://www.google.com/,"Software Developer",100
GoogleSearchResult,https://www.google.com/,"Software Developer",100
GoogleSearchResult,https://www.google.com/,"Software Developer",100
GoogleSearchResult,https://www.google.com/,"Software Developer",100
GoogleSearchResult,https://www.google.com/,"Software Developer",100
GoogleSearchResult,https://www.google.com/,"Software Developer",100
GoogleSearchResult,https://www.google.com/,"Software Developer",100
GoogleSearchResult,https://www.google.com/,"Software Developer",100
GoogleSearchResult,https://www.google.com/,"Software Developer",100
GoogleSearchResult,https://www.google.com/,"Software Developer",100
GoogleSearchResult,https://www.google.com/,"Software Developer",100
GoogleSearchResult,https://www.google.com/,"Software Developer",100
GoogleSearchResult,https://www.google.com/,"Software Developer",100
GoogleSearchResult,https://www.google.com/,"Software Developer",100
GoogleSearchResult,https://www.google.com/,"Software Developer",100
GoogleSearchResult,https://www.google.com/,"Software Developer",100
GoogleSearchResult,https://www.google.com/,"Software Developer",100
GoogleSearchResult,https://www.google.com/,"Software Developer",100
GoogleSearchResult,https://www.google.com/,"Software Developer",100
GoogleSearchResult,https://www.google.com/,"Software Developer",100
GoogleSearchResult,https://www.google.com/,"Software Developer",100
GoogleSearchResult,https://www.google.com/,"Software Developer",100
GoogleSearchResult,https://www.google.com/,"Software Developer",100
GoogleSearchResult,https://www.google.com/,"Software Developer",100
GoogleSearchResult,https://www.google.com/,"Software Developer",100
GoogleSearchResult,https://www.google.com/,"Software Developer",100
GoogleSearchResult,https://www.google.com/,"Software Developer",100
GoogleSearchResult,https://www.google.com/,"Software Developer",100
GoogleSearchResult,https://www.google.com/,"Software Developer",100
GoogleSearchResult,https://www.google.com/,"Software Developer",100
GoogleSearchResult,https://www.google.com/,"Software Developer",100
GoogleSearchResult,https://www.google.com/,"Software Developer",100
GoogleSearchResult,https://www.google.com/,"Software Developer",100
GoogleSearchResult,https://www.google.com/,"Software Developer",100
GoogleSearchResult,https://www.google.com/,"Software Developer",100
GoogleSearchResult,https://www.google.com/,"Software Developer",100
GoogleSearchResult,https://www.google.com/,"Software Developer",100
GoogleSearchResult,https://www.google.com/,"Software Developer",100
GoogleSearchResult,https://www.google.com/,"Software Developer",100
GoogleSearchResult,https://www.google.com/,"Software Developer",100
GoogleSearchResult,https://www.google.com/,"Software Developer",100
GoogleSearchResult,https://www.google.com/,"Software Developer",100
GoogleSearchResult,https://www.google.com/,"Software Developer",100
GoogleSearchResult,https://www.google.com/,"Software Developer",100
GoogleSearchResult,https://www.google.com/,"Software Developer",100
GoogleSearchResult,https://www.google.com/,"Software Developer",100
GoogleSearchResult,https://www.google.com/,"Software Developer",100
GoogleSearchResult,https://www.google.com/,"Software Developer",100
GoogleSearchResult,https://www.google.com/,"Software Developer",100
GoogleSearchResult,https://www.google.com/,"Software Developer",100
GoogleSearchResult,https://www.google.com/,"Software Developer",100
GoogleSearchResult,https://www.google.com/,"Software Developer",100
GoogleSearchResult,https://www.google.com/,"Software Developer",100
GoogleSearchResult,https://www.google.com/,"Software Developer",100
GoogleSearchResult,https://www.google.com/,"Software Developer",100
GoogleSearchResult,https://www.google.com/,"Software Developer",100
GoogleSearchResult,https://www.google.com/,"Software Developer",100
GoogleSearchResult,https://www.google.com/,"Software Developer",100
GoogleSearchResult,https://www.google.com/,"Software Developer",100
GoogleSearchResult,https://www.google.com/,"Software Developer",100
GoogleSearchResult,https://www.google.com/,"Software Developer",100
GoogleSearchResult,https://www.google.com/,"Software Developer",100
GoogleSearchResult,https://www.google.com/,"Software Developer",100
GoogleSearchResult,https://www.google.com/,"Software Developer",100
GoogleSearchResult,https://www.google.com/,"Software Developer",100
GoogleSearchResult,https://www.google.com/,"Software Developer",100
GoogleSearchResult,https://www.google.com/,"Software Developer",100
GoogleSearchResult,https://www.google.com/,"Software Developer",100
GoogleSearchResult,https://www.google.com/,"Software Developer",100
GoogleSearchResult,https://www.google.com/,"Software Developer",100
GoogleSearchResult,https://www.google.com/,"Software Developer",100
GoogleSearchResult,https://www.google.com/,"Software Developer",100
GoogleSearchResult,https://www.google.com/,"Software Developer",100
GoogleSearchResult,https://www.google.com/,"Software Developer",100
GoogleSearchResult,https://www.google.com/,"Software Developer",100
GoogleSearchResult,https://www.google.com/,"Software Developer",100
GoogleSearchResult,https://www.google.com/,"Software Developer",100
GoogleSearchResult,https://www.google.com/,"Software Developer",100
GoogleSearchResult,https://www.google.com/,"Software Developer",100
GoogleSearchResult,https://www.google.com/,"Software Developer",100
GoogleSearchResult,https://www.google.com/,"Software Developer",100
GoogleSearchResult,https://www.google.com/,"Software Developer",100
GoogleSearchResult,https://www.google.com/,"Software Developer",100
GoogleSearchResult,https://www.google.com/,"Software Developer",100
GoogleSearchResult,https://www.google.com/,"Software Developer",100
GoogleSearchResult,https://www.google.com/,"Software Developer",100
GoogleSearchResult,https://www.google.com/,"Software Developer",100
GoogleSearchResult,https://www.google.com/,"Software Developer",100
GoogleSearchResult,https://www.google.com/,"Software Developer",100
GoogleSearchResult,https://www.google.com/,"Software Developer",100
GoogleSearchResult,https://www.google.com/,"Software Developer",100
GoogleSearchResult,https://www.google.com/,"Software Developer",100
GoogleSearchResult,https://www.google.com/,"Software Developer",100
GoogleSearchResult,https://www.google.com/,"Software Developer",100
GoogleSearchResult,https://www.google.com/,"Software Developer",100
GoogleSearchResult,https://www.google.com/,"Software Developer",100
GoogleSearchResult,https://www.google.com/,"Software Developer",100
GoogleSearchResult,https://www.google.com/,Test,100
GoogleSearchResult,https://www.google.com/,Test,100
GoogleSearchResult,https://www.google.com/,Test,100
GoogleSearchResult,https://www.google.com/,Test,100
GoogleSearchResult,https://www.google.com/,Test,100
GoogleSearchResult,https://www.google.com/,Test,100
GoogleSearchResult,https://www.google.com/,Test,100
GoogleSearchResult,https://www.google.com/,Test,100
GoogleSearchResult,https://www.google.com/,Test,100
GoogleSearchResult,https://www.google.com/,Test,100
GoogleSearchResult,https://www.google.com/,Test,100
GoogleSearchResult,https://www.google.com/,Test,100
GoogleSearchResult,https://www.google.com/,Test,100
GoogleSearchResult,https://www.google.com/,Test,100
GoogleSearchResult,https://www.google.com/,Test,100
GoogleSearchResult,https://www.google.com/,Test,100
GoogleSearchResult,https://www.google.com/,Test,100
GoogleSearchResult,https://www.google.com/,Test,100
GoogleSearchResult,https://www.google.com/,Test,100
GoogleSearchResult,https://www.google.com/,Test,100
GoogleSearchResult,https://www.google.com/,Test,100
GoogleSearchResult,https://www.google.com/,Test,100
GoogleSearchResult,https://www.google.com/,Test,100
GoogleSearchResult,https://www.google.com/,Test,100
GoogleSearchResult,https://www.google.com/,Test,100
GoogleSearchResult,https://www.google.com/,Test,100
GoogleSearchResult,https://www.google.com/,Test,100
GoogleSearchResult,https://www.google.com/,Test,100
GoogleSearchResult,https://www.google.com/,Test,100
GoogleSearchResult,https://www.google.com/,Test,100
GoogleSearchResult,https://www.google.com/,Test,100
GoogleSearchResult,https://www.google.com/,Test,100
GoogleSearchResult,https://www.google.com/,Test,100
GoogleSearchResult,https://www.google.com/,Test,100
GoogleSearchResult,https://www.google.com/,Test,100
GoogleSearchResult,https://www.google.com/,Test,100
GoogleSearchResult,https://www.google.com/,Test,100
GoogleSearchResult,https://www.google.com/,Test,100
GoogleSearchResult,https://www.google.com/,Test,100
GoogleSearchResult,https://www.google.com/,Test,100
GoogleSearchResult,https://www.google.com/,Test,100
GoogleSearchResult,https://www.google.com/,Test,100
GoogleSearchResult,https://www.google.com/,Test,100
GoogleSearchResult,https://www.google.com/,Test,100
GoogleSearchResult,https://www.google.com/,Test,100
GoogleSearchResult,https://www.google.com/,Test,100
GoogleSearchResult,https://www.google.com/,Test,100
GoogleSearchResult,https://www.google.com/,Test,100
GoogleSearchResult,https://www.google.com/,Test,100
GoogleSearchResult,https://www.google.com/,Test,100
GoogleSearchResult,https://www.google.com/,Test,100
GoogleSearchResult,https://www.google.com/,Test,100
GoogleSearchResult,https://www.google.com/,Test,100
GoogleSearchResult,https://www.google.com/,Test,100
GoogleSearchResult,https://www.google.com/,Test,100
GoogleSearchResult,https://www.google.com/,Test,100
GoogleSearchResult,https://www.google.com/,Test,100
GoogleSearchResult,https://www.google.com/,Test,100
GoogleSearchResult,https://www.google.com/,Test,100
GoogleSearchResult,https://www.google.com/,Test,100
GoogleSearchResult,https://www.google.com/,Test,100
GoogleSearchResult,https://www.google.com/,Test,100
GoogleSearchResult,https://www.google.com/,Test,100
GoogleSearchResult,https://www.google.com/,Test,100
GoogleSearchResult,https://www.google.com/,Test,100
GoogleSearchResult,https://www.google.com/,Test,100
GoogleSearchResult,https://www.google.com/,Test,100
GoogleSearchResult,https://www.google.com/,Test,100
GoogleSearchResult,https://www.google.com/,Test,100
GoogleSearchResult,https://www.google.com/,Test,100
GoogleSearchResult,https://www.google.com/,Test,100
GoogleSearchResult,https://www.google.com/,Test,100
GoogleSearchResult,https://www.google.com/,Test,100
GoogleSearchResult,https://www.google.com/,Test,100
GoogleSearchResult,https://www.google.com/,Test,100
GoogleSearchResult,https://www.google.com/,Test,100
GoogleSearchResult,https://www.google.com/,Test,100
GoogleSearchResult,https://www.google.com/,Test,100
GoogleSearchResult,https://www.google.com/,Test,100
GoogleSearchResult,https://www.google.com/,Test,100
GoogleSearchResult,https://www.google.com/,Test,100
GoogleSearchResult,https://www.google.com/,Test,100
GoogleSearchResult,https://www.google.com/,Test,100
GoogleSearchResult,https://www.google.com/,Test,100
GoogleSearchResult,https://www.google.com/,Test,100
GoogleSearchResult,https://www.google.com/,Test,100
GoogleSearchResult,https://www.google.com/,Test,100
GoogleSearchResult,https://www.google.com/,Test,100
GoogleSearchResult,https://www.google.com/,Test,100
GoogleSearchResult,https://www.google.com/,Test,100
GoogleSearchResult,https://www.google.com/,Test,100
GoogleSearchResult,https://www.google.com/,Test,100
GoogleSearchResult,https://www.google.com/,Test,100
GoogleSearchResult,https://www.google.com/,Test,100
GoogleSearchResult,https://www.google.com/,Test,100
GoogleSearchResult,https://www.google.com/,Test,100
GoogleSearchResult,https://www.google.com/,Test,100
GoogleSearchResult,https://www.google.com/,Test,100
GoogleSearchResult,https://www.google.com/,Test,100
GoogleSearchResult,https://www.google.com/,Test,100
GoogleSearchResult,https://www.google.com/,Developer,250
GoogleSearchResult,https://www.google.com/,Developer,250
GoogleSearchResult,https://www.google.com/,Developer,250
GoogleSearchResult,https://www.google.com/,Developer,250
GoogleSearchResult,https://www.google.com/,Developer,250
GoogleSearchResult,https://www.google.com/,Developer,250
GoogleSearchResult,https://www.google.com/,Developer,250
GoogleSearchResult,https://www.google.com/,Developer,250
GoogleSearchResult,https://www.google.com/,Developer,250
GoogleSearchResult,https://www.google.com/,Developer,250
GoogleSearchResult,https://www.google.com/,Developer,250
GoogleSearchResult,https://www.google.com/,Developer,250
GoogleSearchResult,https://www.google.com/,Developer,250
GoogleSearchResult,https://www.google.com/,Developer,250
GoogleSearchResult,https://www.google.com/,Developer,250
GoogleSearchResult,https://www.google.com/,Developer,250
GoogleSearchResult,https://www.google.com/,Developer,250
GoogleSearchResult,https://www.google.com/,Developer,250
GoogleSearchResult,https://www.google.com/,Developer,250
GoogleSearchResult,https://www.google.com/,Developer,250
GoogleSearchResult,https://www.google.com/,Developer,250
GoogleSearchResult,https://www.google.com/,Developer,250
GoogleSearchResult,https://www.google.com/,Developer,250
GoogleSearchResult,https://www.google.com/,Developer,250
GoogleSearchResult,https://www.google.com/,Developer,250
GoogleSearchResult,https://www.google.com/,Developer,250
GoogleSearchResult,https://www.google.com/,Developer,250
GoogleSearchResult,https://www.google.com/,Developer,250
GoogleSearchResult,https://www.google.com/,Developer,250
GoogleSearchResult,https://www.google.com/,Developer,250
GoogleSearchResult,https://www.google.com/,Developer,250
GoogleSearchResult,https://www.google.com/,Developer,250
GoogleSearchResult,https://www.google.com/,Developer,250
GoogleSearchResult,https://www.google.com/,Developer,250
GoogleSearchResult,https://www.google.com/,Developer,250
GoogleSearchResult,https://www.google.com/,Developer,250
GoogleSearchResult,https://www.google.com/,Developer,250
GoogleSearchResult,https://www.google.com/,Developer,250
GoogleSearchResult,https://www.google.com/,Developer,250
GoogleSearchResult,https://www.google.com/,Developer,250
GoogleSearchResult,https://www.google.com/,Developer,250
GoogleSearchResult,https://www.google.com/,Developer,250
GoogleSearchResult,https://www.google.com/,Developer,250
GoogleSearchResult,https://www.google.com/,Developer,250
GoogleSearchResult,https://www.google.com/,Developer,250
GoogleSearchResult,https://www.google.com/,Developer,250
GoogleSearchResult,https://www.google.com/,Developer,250
GoogleSearchResult,https://www.google.com/,Developer,250
GoogleSearchResult,https://www.google.com/,Developer,250
GoogleSearchResult,https://www.google.com/,Developer,250
GoogleSearchResult,https://www.google.com/,Developer,250
GoogleSearchResult,https://www.google.com/,Developer,250
GoogleSearchResult,https://www.google.com/,Developer,250
GoogleSearchResult,https://www.google.com/,Developer,250
GoogleSearchResult,https://www.google.com/,Developer,250
GoogleSearchResult,https://www.google.com/,Developer,250
GoogleSearchResult,https://www.google.com/,Developer,250
GoogleSearchResult,https://www.google.com/,Developer,250
GoogleSearchResult,https://www.google.com/,Developer,250
GoogleSearchResult,https://www.google.com/,Developer,250
GoogleSearchResult,https://www.google.com/,Developer,250
GoogleSearchResult,https://www.google.com/,Developer,250
GoogleSearchResult,https://www.google.com/,Developer,250
GoogleSearchResult,https://www.google.com/,Developer,250
GoogleSearchResult,https://www.google.com/,Developer,250
GoogleSearchResult,https://www.google.com/,Developer,250
GoogleSearchResult,https://www.google.com/,Developer,250
GoogleSearchResult,https://www.google.com/,Developer,250
GoogleSearchResult,https://www.google.com/,Developer,250
GoogleSearchResult,https://www.google.com/,Developer,250
GoogleSearchResult,https://www.google.com/,Developer,250
GoogleSearchResult,https://www.google.com/,Developer,250
GoogleSearchResult,https://www.google.com/,Developer,250
GoogleSearchResult,https://www.google.com/,Developer,250
GoogleSearchResult,https://www.google.com/,Developer,250
GoogleSearchResult,https://www.google.com/,Developer,250
GoogleSearchResult,https://www.google.com/,Developer,250
GoogleSearchResult,https://www.google.com/,Developer,250
GoogleSearchResult,https://www.google.com/,Developer,250
GoogleSearchResult,https://www.google.com/,Developer,250
GoogleSearchResult,https://www.google.com/,Developer,250
GoogleSearchResult,https://www.google.com/,Developer,250
GoogleSearchResult,https://www.google.com/,Developer,250
GoogleSearchResult,https://www.google.com/,Developer,250
GoogleSearchResult,https://www.google.com/,Developer,250
GoogleSearchResult,https://www.google.com/,Developer,250
GoogleSearchResult,https://www.google.com/,Developer,250
GoogleSearchResult,https://www.google.com/,Developer,250
GoogleSearchResult,https://www.google.com/,Developer,250
GoogleSearchResult,https://www.google.com/,Developer,250
GoogleSearchResult,https://www.google.com/,Developer,250
GoogleSearchResult,https://www.google.com/,Developer,250
GoogleSearchResult,https://www.google.com/,Developer,250
GoogleSearchResult,https://www.google.com/,Developer,250
GoogleSearchResult,https://www.google.com/,Developer,250
GoogleSearchResult,https://www.google.com/,Developer,250
GoogleSearchResult,https://www.google.com/,Developer,250
GoogleSearchResult,https://www.google.com/,Developer,250
GoogleSearchResult,https://www.google.com/,Developer,250
GoogleSearchResult,https://www.google.com/,Developer,250
GoogleSearchResult,https://www.google.com/,Developer,250
GoogleSearchResult,https://www.google.com/,Developer,250
GoogleSearchResult,https://www.google.com/,Developer,250
GoogleSearchResult,https://www.google.com/,Developer,250
GoogleSearchResult,https://www.google.com/,Developer,250
GoogleSearchResult,https://www.google.com/,Developer,250
GoogleSearchResult,https://www.google.com/,Developer,250
GoogleSearchResult,https://www.google.com/,Developer,250
GoogleSearchResult,https://www.google.com/,Developer,250
GoogleSearchResult,https://www.google.com/,Developer,250
GoogleSearchResult,https://www.google.com/,Developer,250
GoogleSearchResult,https://www.google.com/,Developer,250
GoogleSearchResult,https://www.google.com/,Developer,250
GoogleSearchResult,https://www.google.com/,Developer,250
GoogleSearchResult,https://www.google.com/,Developer,250
GoogleSearchResult,https://www.google.com/,Developer,250
GoogleSearchResult,https://www.google.com/,Developer,250
GoogleSearchResult,https://www.google.com/,Developer,250
GoogleSearchResult,https://www.google.com/,Developer,250
GoogleSearchResult,https://www.google.com/,Developer,250
GoogleSearchResult,https://www.google.com/,Developer,250
GoogleSearchResult,https://www.google.com/,Developer,250
GoogleSearchResult,https://www.google.com/,Developer,250
GoogleSearchResult,https://www.google.com/,Developer,250
GoogleSearchResult,https://www.google.com/,Developer,250
GoogleSearchResult,https://www.google.com/,Developer,250
GoogleSearchResult,https://www.google.com/,Developer,250
GoogleSearchResult,https://www.google.com/,Developer,250
GoogleSearchResult,https://www.google.com/,Developer,250
GoogleSearchResult,https://www.google.com/,Developer,250
GoogleSearchResult,https://www.google.com/,Developer,250
GoogleSearchResult,https://www.google.com/,Developer,250
GoogleSearchResult,https://www.google.com/,Developer,250
GoogleSearchResult,https://www.google.com/,Developer,250
GoogleSearchResult,https://www.google.com/,Developer,250
GoogleSearchResult,https://www.google.com/,Developer,250
GoogleSearchResult,https://www.google.com/,Developer,250
GoogleSearchResult,https://www.google.com/,Developer,250
GoogleSearchResult,https://www.google.com/,Developer,250
GoogleSearchResult,https://www.google.com/,Developer,250
GoogleSearchResult,https://www.google.com/,Developer,250
GoogleSearchResult,https://www.google.com/,Developer,250
GoogleSearchResult,https://www.google.com/,Developer,250
GoogleSearchResult,https://www.google.com/,Developer,250
GoogleSearchResult,https://www.google.com/,Developer,250
GoogleSearchResult,https://www.google.com/,Developer,250
GoogleSearchResult,https://www.google.com/,Developer,250
GoogleSearchResult,https://www.google.com/,Developer,250
GoogleSearchResult,https://www.google.com/,Developer,250
GoogleSearchResult,https://www.google.com/,Developer,250
GoogleSearchResult,https://www.google.com/,Developer,250
GoogleSearchResult,https://www.google.com/,Developer,250
GoogleSearchResult,https://www.google.com/,Developer,250
GoogleSearchResult,https://www.google.com/,Developer,250
GoogleSearchResult,https://www.google.com/,Developer,250
GoogleSearchResult,https://www.google.com/,Developer,250
GoogleSearchResult,https://www.google.com/,Developer,250
GoogleSearchResult,https://www.google.com/,Developer,250
GoogleSearchResult,https://www.google.com/,Developer,250
GoogleSearchResult,https://www.google.com/,Developer,250
GoogleSearchResult,https://www.google.com/,Developer,250
GoogleSearchResult,https://www.google.com/,Developer,250
GoogleSearchResult,https://www.google.com/,Developer,250
GoogleSearchResult,https://www.google.com/,Developer,250
GoogleSearchResult,https://www.google.com/,Developer,250
GoogleSearchResult,https://www.google.com/,Developer,250
GoogleSearchResult,https://www.google.com/,Developer,250
GoogleSearchResult,https://www.google.com/,Developer,250
GoogleSearchResult,https://www.google.com/,Developer,250
GoogleSearchResult,https://www.google.com/,Developer,250
GoogleSearchResult,https://www.google.com/,Developer,250
GoogleSearchResult,https://www.google.com/,Developer,250
GoogleSearchResult,https://www.google.com/,Developer,250
GoogleSearchResult,https://www.google.com/,Developer,250
GoogleSearchResult,https://www.google.com/,Developer,250
GoogleSearchResult,https://www.google.com/,Developer,250
GoogleSearchResult,https://www.google.com/,Developer,250
GoogleSearchResult,https://www.google.com/,Developer,250
GoogleSearchResult,https://www.google.com/,Developer,250
GoogleSearchResult,https://www.google.com/,Developer,250
GoogleSearchResult,https://www.google.com/,Developer,250
GoogleSearchResult,https://www.google.com/,Developer,250
GoogleSearchResult,https://www.google.com/,Developer,250
GoogleSearchResult,https://www.google.com/,Developer,250
GoogleSearchResult,https://www.google.com/,Developer,250
GoogleSearchResult,https://www.google.com/,Developer,250
GoogleSearchResult,https://www.google.com/,Developer,250
GoogleSearchResult,https://www.google.com/,Developer,250
GoogleSearchResult,https://www.google.com/,Developer,250
GoogleSearchResult,https://www.google.com/,Developer,250
GoogleSearchResult,https://www.google.com/,Developer,250
GoogleSearchResult,https://www.google.com/,Developer,250
GoogleSearchResult,https://www.google.com/,Developer,250
GoogleSearchResult,https://www.google.com/,Developer,250
GoogleSearchResult,https://www.google.com/,Developer,250
GoogleSearchResult,https://www.google.com/,Developer,250
GoogleSearchResult,https://www.google.com/,Developer,250
GoogleSearchResult,https://www.google.com/,Developer,250
GoogleSearchResult,https://www.google.com/,Developer,250
GoogleSearchResult,https://www.google.com/,Developer,250
GoogleSearchResult,https://www.google.com/,Developer,250
GoogleSearchResult,https://www.google.com/,Developer,250
GoogleSearchResult,https://www.google.com/,Developer,250
GoogleSearchResult,https://www.google.com/,Developer,250
GoogleSearchResult,https://www.google.com/,Developer,250
GoogleSearchResult,https://www.google.com/,Developer,250
GoogleSearchResult,https://www.google.com/,Developer,250
GoogleSearchResult,https://www.google.com/,Developer,250
GoogleSearchResult,https://www.google.com/,Developer,250
GoogleSearchResult,https://www.google.com/,Developer,250
GoogleSearchResult,https://www.google.com/,Developer,250
GoogleSearchResult,https://www.google.com/,Developer,250
GoogleSearchResult,https://www.google.com/,Developer,250
GoogleSearchResult,https://www.google.com/,Developer,250
GoogleSearchResult,https://www.google.com/,Developer,250
GoogleSearchResult,https://www.google.com/,Developer,250
GoogleSearchResult,https://www.google.com/,Developer,250
GoogleSearchResult,https://www.google.com/,Developer,250
GoogleSearchResult,https://www.google.com/,Developer,250
GoogleSearchResult,https://www.google.com/,Developer,250
GoogleSearchResult,https://www.google.com/,Developer,250
GoogleSearchResult,https://www.google.com/,Developer,250
GoogleSearchResult,https://www.google.com/,Developer,250
GoogleSearchResult,https://www.google.com/,Developer,250
GoogleSearchResult,https://www.google.com/,Developer,250
GoogleSearchResult,https://www.google.com/,Developer,250
GoogleSearchResult,https://www.google.com/,Developer,250
GoogleSearchResult,https://www.google.com/,Developer,250
GoogleSearchResult,https://www.google.com/,Developer,250
GoogleSearchResult,https://www.google.com/,Developer,250
GoogleSearchResult,https://www.google.com/,Developer,250
GoogleSearchResult,https://www.google.com/,Developer,250
GoogleSearchResult,https://www.google.com/,Developer,250
GoogleSearchResult,https://www.google.com/,Developer,250
GoogleSearchResult,https://www.google.com/,Developer,250
GoogleSearchResult,https://www.google.com/,Developer,250
GoogleSearchResult,https://www.google.com/,Developer,250
GoogleSearchResult,https://www.google.com/,Developer,250
GoogleSearchResult,https://www.google.com/,Developer,250
GoogleSearchResult,https://www.google.com/,Developer,250
GoogleSearchResult,https://www.google.com/,Developer,250
GoogleSearchResult,https://www.google.com/,Developer,250
GoogleSearchResult,https://www.google.com/,Developer,250
GoogleSearchResult,https://www.google.com/,Developer,250
GoogleSearchResult,https://www.google.com/,Developer,250
GoogleSearchResult,https://www.google.com/,Developer,250
GoogleSearchResult,https://www.google.com/,Developer,250
GoogleSearchResult,https://www.google.com/,Developer,250
GoogleSearchResult,https://www.google.com/,Developer,250
GoogleSearchResult,https://www.google.com/,Developer,250
GoogleSearchResult,https://www.google.com/,"Software Developer",115
GoogleSearchResult,https://www.google.com/,"Software Developer",115
GoogleSearchResult,https://www.google.com/,"Software Developer",115
GoogleSearchResult,https://www.google.com/,"Software Developer",115
GoogleSearchResult,https://www.google.com/,"Software Developer",115
GoogleSearchResult,https://www.google.com/,"Software Developer",115
GoogleSearchResult,https://www.google.com/,"Software Developer",115
GoogleSearchResult,https://www.google.com/,"Software Developer",115
GoogleSearchResult,https://www.google.com/,"Software Developer",115
GoogleSearchResult,https://www.google.com/,"Software Developer",115
GoogleSearchResult,https://www.google.com/,"Software Developer",115
GoogleSearchResult,https://www.google.com/,"Software Developer",115
GoogleSearchResult,https://www.google.com/,"Software Developer",115
GoogleSearchResult,https://www.google.com/,"Software Developer",115
GoogleSearchResult,https://www.google.com/,"Software Developer",115
GoogleSearchResult,https://www.google.com/,"Software Developer",115
GoogleSearchResult,https://www.google.com/,"Software Developer",115
GoogleSearchResult,https://www.google.com/,"Software Developer",115
GoogleSearchResult,https://www.google.com/,"Software Developer",115
GoogleSearchResult,https://www.google.com/,"Software Developer",115
GoogleSearchResult,https://www.google.com/,"Software Developer",115
GoogleSearchResult,https://www.google.com/,"Software Developer",115
GoogleSearchResult,https://www.google.com/,"Software Developer",115
GoogleSearchResult,https://www.google.com/,"Software Developer",115
GoogleSearchResult,https://www.google.com/,"Software Developer",115
GoogleSearchResult,https://www.google.com/,"Software Developer",115
GoogleSearchResult,https://www.google.com/,"Software Developer",115
GoogleSearchResult,https://www.google.com/,"Software Developer",115
GoogleSearchResult,https://www.google.com/,"Software Developer",115
GoogleSearchResult,https://www.google.com/,"Software Developer",115
GoogleSearchResult,https://www.google.com/,"Software Developer",115
GoogleSearchResult,https://www.google.com/,"Software Developer",115
GoogleSearchResult,https://www.google.com/,"Software Developer",115
GoogleSearchResult,https://www.google.com/,"Software Developer",115
GoogleSearchResult,https://www.google.com/,"Software Developer",115
GoogleSearchResult,https://www.google.com/,"Software Developer",115
GoogleSearchResult,https://www.google.com/,"Software Developer",115
GoogleSearchResult,https://www.google.com/,"Software Developer",115
GoogleSearchResult,https://www.google.com/,"Software Developer",115
GoogleSearchResult,https://www.google.com/,"Software Developer",115
GoogleSearchResult,https://www.google.com/,"Software Developer",115
GoogleSearchResult,https://www.google.com/,"Software Developer",115
GoogleSearchResult,https://www.google.com/,"Software Developer",115
GoogleSearchResult,https://www.google.com/,"Software Developer",115
GoogleSearchResult,https://www.google.com/,"Software Developer",115
GoogleSearchResult,https://www.google.com/,"Software Developer",115
GoogleSearchResult,https://www.google.com/,"Software Developer",115
GoogleSearchResult,https://www.google.com/,"Software Developer",115
GoogleSearchResult,https://www.google.com/,"Software Developer",115
GoogleSearchResult,https://www.google.com/,"Software Developer",115
GoogleSearchResult,https://www.google.com/,"Software Developer",115
GoogleSearchResult,https://www.google.com/,"Software Developer",115
GoogleSearchResult,https://www.google.com/,"Software Developer",115
GoogleSearchResult,https://www.google.com/,"Software Developer",115
GoogleSearchResult,https://www.google.com/,"Software Developer",115
GoogleSearchResult,https://www.google.com/,"Software Developer",115
GoogleSearchResult,https://www.google.com/,"Software Developer",115
GoogleSearchResult,https://www.google.com/,"Software Developer",115
GoogleSearchResult,https://www.google.com/,"Software Developer",115
GoogleSearchResult,https://www.google.com/,"Software Developer",115
GoogleSearchResult,https://www.google.com/,"Software Developer",115
GoogleSearchResult,https://www.google.com/,"Software Developer",115
GoogleSearchResult,https://www.google.com/,"Software Developer",115
GoogleSearchResult,https://www.google.com/,"Software Developer",115
GoogleSearchResult,https://www.google.com/,"Software Developer",115
GoogleSearchResult,https://www.google.com/,"Software Developer",115
GoogleSearchResult,https://www.google.com/,"Software Developer",115
GoogleSearchResult,https://www.google.com/,"Software Developer",115
GoogleSearchResult,https://www.google.com/,"Software Developer",115
GoogleSearchResult,https://www.google.com/,"Software Developer",115
GoogleSearchResult,https://www.google.com/,"Software Developer",115
GoogleSearchResult,https://www.google.com/,"Software Developer",115
GoogleSearchResult,https://www.google.com/,"Software Developer",115
GoogleSearchResult,https://www.google.com/,"Software Developer",115
GoogleSearchResult,https://www.google.com/,"Software Developer",115
GoogleSearchResult,https://www.google.com/,"Software Developer",115
GoogleSearchResult,https://www.google.com/,"Software Developer",115
GoogleSearchResult,https://www.google.com/,"Software Developer",115
GoogleSearchResult,https://www.google.com/,"Software Developer",115
GoogleSearchResult,https://www.google.com/,"Software Developer",115
GoogleSearchResult,https://www.google.com/,"Software Developer",115
GoogleSearchResult,https://www.google.com/,"Software Developer",115
GoogleSearchResult,https://www.google.com/,"Software Developer",115
GoogleSearchResult,https://www.google.com/,"Software Developer",115
GoogleSearchResult,https://www.google.com/,"Software Developer",115
GoogleSearchResult,https://www.google.com/,"Software Developer",115
GoogleSearchResult,https://www.google.com/,"Software Developer",115
GoogleSearchResult,https://www.google.com/,"Software Developer",115
GoogleSearchResult,https://www.google.com/,"Software Developer",115
GoogleSearchResult,https://www.google.com/,"Software Developer",115
GoogleSearchResult,https://www.google.com/,"Software Developer",115
GoogleSearchResult,https://www.google.com/,"Software Developer",115
GoogleSearchResult,https://www.google.com/,"Software Developer",115
GoogleSearchResult,https://www.google.com/,"Software Developer",115
GoogleSearchResult,https://www.google.com/,"Software Developer",115
GoogleSearchResult,https://www.google.com/,"Software Developer",115
GoogleSearchResult,https://www.google.com/,"Software Developer",115
GoogleSearchResult,https://www.google.com/,"Software Developer",115
GoogleSearchResult,https://www.google.com/,"Software Developer",115
GoogleSearchResult,https://www.google.com/,"Software Developer",115
GoogleSearchResult,https://www.google.com/,"Software Developer",115
GoogleSearchResult,https://www.google.com/,"Software Developer",115
GoogleSearchResult,https://www.google.com/,"Software Developer",115
GoogleSearchResult,https://www.google.com/,"Software Developer",115
GoogleSearchResult,https://www.google.com/,"Software Developer",115
GoogleSearchResult,https://www.google.com/,"Software Developer",115
GoogleSearchResult,https://www.google.com/,"Software Developer",115
GoogleSearchResult,https://www.google.com/,"Software Developer",115
GoogleSearchResult,https://www.google.com/,"Software Developer",115
GoogleSearchResult,https://www.google.com/,"Software Developer",115
GoogleSearchResult,https://www.google.com/,"Software Developer",115
GoogleSearchResult,https://www.google.com/,"Software Developer",115
GoogleSearchResult,https://www.google.com/,"Software Developer",115
GoogleSearchResult,https://www.google.com/,"Software Developer",115
GoogleSearchResult,https://www.google.com/,"Software Developer",115
